player,draft_year,position,position_group,model_group,college,projected_pick,projected_round,projection_rank_source,overall_rank_2026,position_rank_2026,projection_score,ceiling_score,floor_score,starter_probability,elite_probability,bust_probability,projected_value,predicted_position_percentile,position_score,projection_tier,projection_explanation
Caleb Downs,2026.0,S,S,DB,Ohio St.,11.0,1.0,,1,1,84.2,87.8,69.1,0.673,0.694,0.309,15.503,65.162,93.9,Starter-caliber projection,premium projected draft slot; meaningful elite ceiling; PFF-powered model projection
Sonny Styles,2026.0,LB,LB,LB,Ohio St.,7.0,1.0,,2,1,83.9,87.7,66.4,0.66,0.677,0.336,15.995,63.755,94.3,Starter-caliber projection,premium projected draft slot; meaningful elite ceiling; PFF-powered model projection
Jeremiyah Love,2026.0,RB,RB,RB,Notre Dame,3.0,1.0,,3,1,83.8,86.9,70.2,0.651,0.657,0.298,12.031,64.329,94.0,Starter-caliber projection,premium projected draft slot; meaningful elite ceiling; PFF-powered model projection
Spencer Fano,2026.0,OT,OT,OT,Utah,9.0,1.0,,4,1,83.7,87.2,65.6,0.628,0.622,0.344,18.109,61.051,95.5,Starter-caliber projection,premium projected draft slot; meaningful elite ceiling; PFF-powered model projection
Monroe Freeling,2026.0,OT,OT,OT,Georgia,19.0,1.0,,5,2,83.3,86.8,65.8,0.62,0.615,0.342,17.848,60.735,95.2,Starter-caliber projection,top-50 projected draft slot; meaningful elite ceiling; PFF-powered model projection
Kadyn Proctor,2026.0,OT,OT,OT,Alabama,12.0,1.0,,6,3,83.0,86.2,65.7,0.628,0.605,0.343,17.897,60.415,94.8,Starter-caliber projection,premium projected draft slot; meaningful elite ceiling; PFF-powered model projection
Arvell Reese,2026.0,LB,LB,LB,Ohio St.,5.0,1.0,,7,2,82.9,86.9,64.3,0.651,0.675,0.357,15.538,62.949,93.3,Starter-caliber projection,premium projected draft slot; meaningful elite ceiling; PFF-powered model projection
Blake Miller,2026.0,OT,OT,OT,Clemson,17.0,1.0,,8,4,82.5,86.0,65.5,0.618,0.61,0.345,17.579,60.229,94.3,Starter-caliber projection,top-50 projected draft slot; meaningful elite ceiling; PFF-powered model projection
Max Iheanachor,2026.0,OT,OT,OT,Arizona St.,21.0,1.0,,8,4,82.5,86.0,64.5,0.616,0.61,0.355,17.48,60.225,94.3,Starter-caliber projection,top-50 projected draft slot; meaningful elite ceiling; PFF-powered model projection
Carnell Tate,2026.0,WR,WR,WR,Ohio St.,4.0,1.0,,10,1,81.9,85.4,66.3,0.65,0.667,0.337,11.991,63.377,91.7,Starter-caliber projection,premium projected draft slot; meaningful elite ceiling; PFF-powered model projection
Keldric Faulk,2026.0,DE,EDGE,EDGE,Auburn,31.0,1.0,,11,1,81.7,84.7,66.5,0.644,0.624,0.335,14.829,61.817,92.2,Starter-caliber projection,top-50 projected draft slot; meaningful elite ceiling; PFF-powered model projection
Mansoor Delane,2026.0,CB,CB,DB,LSU,6.0,1.0,,12,1,81.6,85.1,67.8,0.66,0.679,0.322,14.632,64.21,90.9,Starter-caliber projection,premium projected draft slot; meaningful elite ceiling; PFF-powered model projection
Caleb Lomu,2026.0,OT,OT,OT,Utah,28.0,1.0,,12,6,81.6,85.1,64.2,0.609,0.604,0.358,17.106,59.575,93.3,Starter-caliber projection,top-50 projected draft slot; meaningful elite ceiling; PFF-powered model projection
Rueben Bain Jr.,2026.0,DE,EDGE,EDGE,Miami (FL),15.0,1.0,,12,2,81.6,84.7,66.4,0.649,0.627,0.336,14.945,61.775,92.0,Starter-caliber projection,premium projected draft slot; meaningful elite ceiling; PFF-powered model projection
Keylan Rutledge,2026.0,G,IOL,IOL,Georgia Tech,26.0,1.0,,15,1,81.5,85.4,62.7,0.599,0.603,0.373,18.192,58.426,93.7,Starter-caliber projection,top-50 projected draft slot; meaningful elite ceiling; PFF-powered model projection
Kenyon Sadiq,2026.0,TE,TE,TE,Oregon,16.0,1.0,,15,1,81.5,85.1,64.9,0.638,0.649,0.351,6.634,62.377,91.8,Starter-caliber projection,top-50 projected draft slot; meaningful elite ceiling; PFF-powered model projection
Chris Johnson,2026.0,CB,CB,DB,San Diego St.,27.0,1.0,,17,2,81.2,84.6,67.8,0.66,0.674,0.322,14.437,63.962,90.3,Starter-caliber projection,top-50 projected draft slot; meaningful elite ceiling; PFF-powered model projection
Francis Mauigoa,2026.0,OT,OT,OT,Miami (FL),10.0,1.0,,18,7,80.9,84.4,63.4,0.613,0.605,0.366,16.984,59.389,92.4,Starter-caliber projection,premium projected draft slot; meaningful elite ceiling; PFF-powered model projection
Dillon Thieneman,2026.0,S,S,DB,Oregon,25.0,1.0,,19,2,80.7,84.1,68.6,0.658,0.672,0.314,14.501,63.692,89.7,Starter-caliber projection,top-50 projected draft slot; meaningful elite ceiling; PFF-powered model projection
Olaivavega Ioane,2026.0,OG,IOL,IOL,Penn St.,14.0,1.0,,20,2,80.4,84.5,61.7,0.58,0.602,0.383,17.834,58.095,92.6,Starter-caliber projection,premium projected draft slot; meaningful elite ceiling; PFF-powered model projection
Jordyn Tyson,2026.0,WR,WR,WR,Arizona St.,8.0,1.0,,21,2,80.1,83.4,66.0,0.641,0.648,0.34,11.509,62.756,89.6,Starter-caliber projection,premium projected draft slot; meaningful elite ceiling; PFF-powered model projection
David Bailey,2026.0,OLB,LB,LB,Texas Tech,2.0,1.0,,22,3,79.9,83.5,64.2,0.645,0.65,0.358,14.861,61.602,89.6,Starter-caliber projection,premium projected draft slot; meaningful elite ceiling; PFF-powered model projection
Caleb Banks,2026.0,DT,IDL,IDL,Florida,18.0,1.0,,23,1,79.0,82.7,65.1,0.628,0.654,0.349,13.936,61.64,88.5,Starter-caliber projection,top-50 projected draft slot; meaningful elite ceiling; PFF-powered model projection
KC Concepcion,2026.0,WR,WR,WR,Texas A&M,24.0,1.0,,24,3,78.2,81.8,64.6,0.644,0.659,0.354,11.18,62.105,87.1,Starter-caliber projection,top-50 projected draft slot; meaningful elite ceiling; PFF-powered model projection
Makai Lemon,2026.0,WR,WR,WR,USC,20.0,1.0,,25,4,78.0,81.4,64.7,0.638,0.649,0.353,11.135,62.054,86.9,Starter-caliber projection,top-50 projected draft slot; meaningful elite ceiling; PFF-powered model projection
Fernando Mendoza,2026.0,QB,QB,QB,Indiana,1.0,1.0,,26,1,77.6,81.1,62.2,0.603,0.601,0.378,12.293,58.287,88.1,Starter-caliber projection,premium projected draft slot; meaningful elite ceiling; PFF-powered model projection
Jadarian Price,2026.0,RB,RB,RB,Notre Dame,32.0,1.0,,27,2,77.1,80.1,67.6,0.62,0.623,0.324,10.57,61.625,86.0,Starter-caliber projection,top-50 projected draft slot; meaningful elite ceiling; PFF-powered model projection
Chase Bisontis,2026.0,G,IOL,IOL,Texas A&M,34.0,2.0,,27,3,77.1,80.9,61.4,0.574,0.588,0.386,17.331,57.224,88.2,Starter-caliber projection,top-50 projected draft slot; meaningful elite ceiling; PFF-powered model projection
Omar Cooper Jr.,2026.0,WR,WR,WR,Indiana,30.0,1.0,,29,5,75.9,79.3,64.6,0.632,0.647,0.354,10.865,61.351,84.2,Starter-caliber projection,top-50 projected draft slot; meaningful elite ceiling; PFF-powered model projection
Eli Stowers,2026.0,TE,TE,TE,Vanderbilt,54.0,2.0,,30,2,75.5,78.9,60.6,0.596,0.587,0.394,5.439,57.911,85.6,Starter-caliber projection,Day 2 projected draft slot; meaningful elite ceiling; PFF-powered model projection
Malachi Lawrence,2026.0,DE,EDGE,EDGE,Central Florida,23.0,1.0,,31,3,74.6,77.4,65.0,0.634,0.613,0.35,13.778,60.081,82.8,Rotational / contributor projection,top-50 projected draft slot; meaningful elite ceiling; PFF-powered model projection
Kayden McDonald,2026.0,DT,IDL,IDL,Ohio St.,36.0,2.0,,32,2,74.5,78.0,61.9,0.608,0.627,0.381,12.403,59.804,83.1,Rotational / contributor projection,top-50 projected draft slot; meaningful elite ceiling; PFF-powered model projection
Colton Hood,2026.0,CB,CB,DB,Tennessee,37.0,2.0,,33,3,74.2,77.4,63.6,0.62,0.625,0.364,12.594,60.354,82.3,Rotational / contributor projection,top-50 projected draft slot; meaningful elite ceiling; PFF-powered model projection
Marlin Klein,2026.0,TE,TE,TE,Michigan,59.0,2.0,,34,3,73.5,76.6,60.9,0.577,0.561,0.391,5.203,56.832,83.4,Rotational / contributor projection,Day 2 projected draft slot; meaningful elite ceiling; PFF-powered model projection
Logan Jones,2026.0,C,IOL,IOL,Iowa,57.0,2.0,,35,4,73.2,76.9,58.7,0.564,0.576,0.413,16.405,56.002,83.3,Rotational / contributor projection,Day 2 projected draft slot; meaningful elite ceiling; PFF-powered model projection
Josiah Trotter,2026.0,LB,LB,LB,Missouri,46.0,2.0,,36,4,72.7,76.4,59.1,0.594,0.614,0.409,12.383,58.068,81.4,Rotational / contributor projection,top-50 projected draft slot; meaningful elite ceiling; PFF-powered model projection
Anthony Hill Jr.,2026.0,LB,LB,LB,Texas,60.0,2.0,,37,5,72.6,76.2,59.2,0.59,0.607,0.408,12.425,58.077,81.4,Rotational / contributor projection,Day 2 projected draft slot; meaningful elite ceiling; PFF-powered model projection
T.J. Parker,2026.0,DE,EDGE,EDGE,Clemson,35.0,2.0,,38,4,72.3,75.1,63.6,0.618,0.605,0.364,13.61,59.346,80.0,Rotational / contributor projection,top-50 projected draft slot; meaningful elite ceiling; PFF-powered model projection
Jake Golday,2026.0,LB,LB,LB,Cincinnati,51.0,2.0,,39,6,72.2,75.6,60.1,0.596,0.602,0.399,12.345,57.845,80.8,Rotational / contributor projection,Day 2 projected draft slot; meaningful elite ceiling; PFF-powered model projection
Jacob Rodriguez,2026.0,LB,LB,LB,Texas Tech,43.0,2.0,,40,7,72.0,75.1,60.5,0.589,0.585,0.395,12.376,57.805,80.7,Rotational / contributor projection,top-50 projected draft slot; meaningful elite ceiling; PFF-powered model projection
Denzel Boston,2026.0,WR,WR,WR,Washington,39.0,2.0,,40,6,72.0,75.5,61.4,0.595,0.614,0.386,9.573,58.703,80.2,Rotational / contributor projection,top-50 projected draft slot; meaningful elite ceiling; PFF-powered model projection
Christen Miller,2026.0,DT,IDL,IDL,Georgia,42.0,2.0,,42,3,71.9,75.3,60.6,0.593,0.607,0.394,11.667,58.522,80.2,Rotational / contributor projection,top-50 projected draft slot; meaningful elite ceiling; PFF-powered model projection
Jake Slaughter,2026.0,C,IOL,IOL,Florida,63.0,2.0,,43,5,71.5,75.3,58.2,0.55,0.571,0.418,16.067,55.53,81.3,Rotational / contributor projection,Day 2 projected draft slot; meaningful elite ceiling; PFF-powered model projection
Sam Roush,2026.0,TE,TE,TE,Stanford,69.0,3.0,,44,4,71.4,74.4,59.4,0.571,0.548,0.406,5.065,55.837,80.9,Rotational / contributor projection,Day 2 projected draft slot; meaningful elite ceiling; PFF-powered model projection
Akheem Mesidor,2026.0,DE,EDGE,EDGE,Miami (FL),22.0,1.0,,45,5,71.1,73.1,64.7,0.625,0.565,0.353,13.298,58.801,78.6,Rotational / contributor projection,top-50 projected draft slot; meaningful elite ceiling; PFF-powered model projection
Brandon Cisse,2026.0,CB,CB,DB,South Carolina,52.0,2.0,,46,4,70.6,73.5,62.9,0.605,0.604,0.371,11.786,59.077,77.9,Rotational / contributor projection,Day 2 projected draft slot; meaningful elite ceiling; PFF-powered model projection
Avieon Terrell,2026.0,CB,CB,DB,Clemson,48.0,2.0,,47,5,70.5,73.8,61.0,0.6,0.616,0.39,11.635,59.109,77.9,Rotational / contributor projection,top-50 projected draft slot; meaningful elite ceiling; PFF-powered model projection
Nate Boerkircher,2026.0,TE,TE,TE,Texas A&M,56.0,2.0,,48,5,70.3,73.1,59.4,0.565,0.54,0.406,4.878,55.609,79.5,Rotational / contributor projection,Day 2 projected draft slot; meaningful elite ceiling; PFF-powered model projection
Peter Woods,2026.0,DT,IDL,IDL,Clemson,29.0,1.0,,49,4,70.1,73.7,59.5,0.597,0.61,0.405,11.683,57.349,77.9,Rotational / contributor projection,top-50 projected draft slot; meaningful elite ceiling; PFF-powered model projection
Germie Bernard,2026.0,WR,WR,WR,Alabama,47.0,2.0,,50,7,69.5,72.8,60.6,0.59,0.601,0.394,9.102,57.758,77.0,Rotational / contributor projection,top-50 projected draft slot; meaningful elite ceiling; PFF-powered model projection
De'Zhaun Stribling,2026.0,WR,WR,WR,Mississippi,33.0,2.0,,51,8,69.2,72.5,61.6,0.598,0.608,0.384,9.096,57.689,76.4,Rotational / contributor projection,top-50 projected draft slot; meaningful elite ceiling; PFF-powered model projection
Emmanuel McNeil-Warren,2026.0,S,S,DB,Toledo,58.0,2.0,,51,3,69.2,72.4,61.2,0.599,0.614,0.388,11.622,58.525,76.1,Rotational / contributor projection,Day 2 projected draft slot; meaningful elite ceiling; PFF-powered model projection
CJ Allen,2026.0,LB,LB,LB,Georgia,53.0,2.0,,53,8,68.7,72.2,57.9,0.586,0.6,0.421,11.832,57.023,76.3,Rotational / contributor projection,Day 2 projected draft slot; meaningful elite ceiling; PFF-powered model projection
Justin Jefferson,2026.0,LB,LB,LB,Alabama,149.0,5.0,,53,8,68.7,68.7,75.5,0.561,0.33,0.245,12.461,57.156,77.3,Rotational / contributor projection,later projected draft slot; PFF-powered model projection
D'Angelo Ponds,2026.0,CB,CB,DB,Indiana,50.0,2.0,,55,6,68.5,71.6,61.3,0.594,0.601,0.387,11.377,58.317,75.4,Rotational / contributor projection,top-50 projected draft slot; meaningful elite ceiling; PFF-powered model projection
Eli Raridon,2026.0,TE,TE,TE,Notre Dame,95.0,3.0,,55,6,68.5,71.5,57.7,0.555,0.539,0.423,4.745,54.984,77.3,Rotational / contributor projection,Day 2 projected draft slot; meaningful elite ceiling; PFF-powered model projection
Zion Young,2026.0,DE,EDGE,EDGE,Missouri,45.0,2.0,,57,6,68.3,70.9,61.8,0.608,0.582,0.382,12.912,57.763,75.1,Rotational / contributor projection,top-50 projected draft slot; meaningful elite ceiling; PFF-powered model projection
Treydan Stukes,2026.0,CB,CB,DB,Arizona,38.0,2.0,,58,7,68.0,70.5,63.6,0.591,0.576,0.364,11.384,58.054,74.8,Rotational / contributor projection,top-50 projected draft slot; meaningful elite ceiling; PFF-powered model projection
Lee Hunter,2026.0,DT,IDL,IDL,Texas Tech,49.0,2.0,,58,5,68.0,70.9,59.6,0.567,0.558,0.404,11.081,56.513,75.9,Rotational / contributor projection,top-50 projected draft slot; meaningful elite ceiling; PFF-powered model projection
Ty Simpson,2026.0,QB,QB,QB,Alabama,13.0,1.0,,58,2,68.0,70.8,60.6,0.583,0.566,0.394,11.34,56.575,75.5,Rotational / contributor projection,premium projected draft slot; meaningful elite ceiling; PFF-powered model projection
Davison Igbinosun,2026.0,CB,CB,DB,Ohio St.,62.0,2.0,,61,8,67.6,70.7,60.5,0.593,0.6,0.395,11.259,57.783,74.2,Rotational / contributor projection,Day 2 projected draft slot; meaningful elite ceiling; PFF-powered model projection
Max Klare,2026.0,TE,TE,TE,Ohio St.,61.0,2.0,,62,7,67.2,70.0,56.8,0.559,0.528,0.432,4.64,54.524,75.7,Rotational / contributor projection,Day 2 projected draft slot; meaningful elite ceiling; PFF-powered model projection
Keagen Trost,2026.0,OL,OL,OL,Missouri,93.0,3.0,,63,1,65.8,67.0,73.6,0.676,0.643,0.264,10.415,64.001,67.9,Rotational / contributor projection,Day 2 projected draft slot; meaningful elite ceiling; PFF-powered model projection
R Mason Thomas,2026.0,DE,EDGE,EDGE,Oklahoma,40.0,2.0,,64,7,65.6,68.2,61.1,0.601,0.58,0.389,12.385,56.906,71.6,Rotational / contributor projection,top-50 projected draft slot; meaningful elite ceiling; PFF-powered model projection
Gabe Jacas,2026.0,DE,EDGE,EDGE,Illinois,55.0,2.0,,64,7,65.6,68.0,61.4,0.598,0.573,0.386,12.45,56.921,71.6,Rotational / contributor projection,Day 2 projected draft slot; meaningful elite ceiling; PFF-powered model projection
Cashius Howell,2026.0,DE,EDGE,EDGE,Texas A&M,41.0,2.0,,66,9,65.3,67.6,61.3,0.595,0.566,0.387,12.271,56.85,71.3,Rotational / contributor projection,top-50 projected draft slot; meaningful elite ceiling; PFF-powered model projection
Febechi Nwaiwu,2026.0,OL,OL,OL,Oklahoma,106.0,4.0,,67,2,64.8,65.9,72.5,0.673,0.632,0.275,10.043,63.244,66.8,Rotational / contributor projection,later projected draft slot; meaningful elite ceiling; PFF-powered model projection
Bud Clark,2026.0,S,S,DB,TCU,64.0,2.0,,68,4,64.3,66.8,59.7,0.564,0.548,0.403,10.174,55.584,70.8,Rotational / contributor projection,Day 2 projected draft slot; meaningful elite ceiling; PFF-powered model projection
Carver Willis,2026.0,OL,OL,OL,Washington,127.0,4.0,,69,3,64.2,65.4,71.4,0.67,0.627,0.286,9.853,62.749,66.3,Rotational / contributor projection,later projected draft slot; meaningful elite ceiling; PFF-powered model projection
A.J. Haulcy,2026.0,S,S,DB,LSU,78.0,3.0,,70,5,64.0,67.1,58.0,0.558,0.567,0.42,10.23,55.272,70.6,Rotational / contributor projection,Day 2 projected draft slot; meaningful elite ceiling; PFF-powered model projection
Domonique Orange,2026.0,DT,IDL,IDL,Iowa St.,82.0,3.0,,71,6,63.8,66.8,56.6,0.551,0.549,0.434,10.114,54.947,70.7,Rotational / contributor projection,Day 2 projected draft slot; meaningful elite ceiling; PFF-powered model projection
Chris McClellan,2026.0,DT,IDL,IDL,Missouri,77.0,3.0,,72,7,63.7,66.5,56.4,0.552,0.546,0.436,10.167,54.892,70.5,Rotational / contributor projection,Day 2 projected draft slot; meaningful elite ceiling; PFF-powered model projection
Derrick Moore,2026.0,DE,EDGE,EDGE,Michigan,44.0,2.0,,73,10,63.5,65.6,60.8,0.593,0.556,0.392,12.051,56.448,69.0,Rotational / contributor projection,top-50 projected draft slot; meaningful elite ceiling; PFF-powered model projection
Oscar Delp,2026.0,TE,TE,TE,Georgia,73.0,3.0,,74,8,63.2,65.8,55.2,0.541,0.507,0.448,4.368,53.008,70.8,Rotational / contributor projection,Day 2 projected draft slot; meaningful elite ceiling; PFF-powered model projection
Markel Bell,2026.0,OT,OT,OT,Miami (FL),68.0,3.0,,75,8,62.9,64.8,58.5,0.557,0.508,0.415,14.319,54.966,69.5,Rotational / contributor projection,Day 2 projected draft slot; meaningful elite ceiling; PFF-powered model projection
Emmanuel Pregnon,2026.0,G,IOL,IOL,Oregon,88.0,3.0,,76,6,61.8,65.2,54.6,0.525,0.536,0.454,14.529,52.518,69.0,Rotational / contributor projection,Day 2 projected draft slot; meaningful elite ceiling; PFF-powered model projection
Caleb Tiernan,2026.0,OT,OT,OT,Northwestern,97.0,3.0,,77,9,61.7,63.7,57.0,0.543,0.502,0.43,13.778,54.389,68.2,Rotational / contributor projection,Day 2 projected draft slot; meaningful elite ceiling; PFF-powered model projection
Tacario Davis,2026.0,CB,CB,DB,Washington,72.0,3.0,,78,9,61.6,64.6,58.2,0.547,0.555,0.418,9.806,54.118,67.6,Rotational / contributor projection,Day 2 projected draft slot; meaningful elite ceiling; PFF-powered model projection
Enrique Cruz Jr.,2026.0,OL,OL,OL,Kansas,179.0,5.0,,78,4,61.6,62.8,67.9,0.67,0.615,0.321,9.316,61.468,63.2,Rotational / contributor projection,later projected draft slot; meaningful elite ceiling; PFF-powered model projection
Ja'Kobi Lane,2026.0,WR,WR,WR,USC,80.0,3.0,,80,9,61.3,64.0,57.5,0.556,0.55,0.425,8.008,54.768,67.0,Rotational / contributor projection,Day 2 projected draft slot; meaningful elite ceiling; PFF-powered model projection
Antonio Williams,2026.0,WR,WR,WR,Clemson,71.0,3.0,,81,10,61.0,63.4,58.5,0.559,0.541,0.415,7.93,54.705,66.5,Rotational / contributor projection,Day 2 projected draft slot; meaningful elite ceiling; PFF-powered model projection
Daylen Everette,2026.0,CB,CB,DB,Georgia,85.0,3.0,,82,10,60.8,63.7,57.2,0.546,0.551,0.428,9.756,53.893,66.6,Rotational / contributor projection,Day 2 projected draft slot; meaningful elite ceiling; PFF-powered model projection
Malachi Fields,2026.0,WR,WR,WR,Notre Dame,74.0,3.0,,82,11,60.8,63.7,56.6,0.548,0.555,0.434,7.888,54.667,66.5,Rotational / contributor projection,Day 2 projected draft slot; meaningful elite ceiling; PFF-powered model projection
Austin Barber,2026.0,OT,OT,OT,Florida,86.0,3.0,,84,10,60.5,62.7,56.7,0.537,0.509,0.433,13.509,54.038,66.6,Rotational / contributor projection,Day 2 projected draft slot; meaningful elite ceiling; PFF-powered model projection
Zavion Thomas,2026.0,WR,WR,WR,LSU,89.0,3.0,,85,12,60.2,63.1,56.0,0.553,0.558,0.44,7.793,54.437,65.6,Rotational / contributor projection,Day 2 projected draft slot; meaningful elite ceiling; PFF-powered model projection
Caleb Douglas,2026.0,WR,WR,WR,Texas Tech,75.0,3.0,,85,12,60.2,63.0,56.3,0.552,0.554,0.437,7.929,54.419,65.6,Rotational / contributor projection,Day 2 projected draft slot; meaningful elite ceiling; PFF-powered model projection
Matt Gulbin,2026.0,OL,OL,OL,Michigan St.,209.0,6.0,,87,5,60.0,61.2,66.4,0.667,0.613,0.336,9.208,60.88,61.1,Rotational / contributor projection,later projected draft slot; meaningful elite ceiling; PFF-powered model projection
Tyler Onyedim,2026.0,DT,IDL,IDL,Texas A&M,66.0,3.0,,88,8,59.8,62.4,54.6,0.546,0.527,0.454,9.639,53.419,65.6,Rotational / contributor projection,Day 2 projected draft slot; meaningful elite ceiling; PFF-powered model projection
Ted Hurst,2026.0,WR,WR,WR,Georgia St.,84.0,3.0,,89,14,59.5,62.4,55.7,0.549,0.555,0.443,7.818,54.242,64.7,Rotational / contributor projection,Day 2 projected draft slot; meaningful elite ceiling; PFF-powered model projection
Albert Regis,2026.0,DT,IDL,IDL,Texas A&M,81.0,3.0,,90,9,59.4,61.7,56.0,0.537,0.512,0.44,9.549,53.346,65.2,Rotational / contributor projection,Day 2 projected draft slot; meaningful elite ceiling; PFF-powered model projection
Chris Brazzell II,2026.0,WR,WR,WR,Tennessee,83.0,3.0,,91,15,59.2,62.0,55.7,0.548,0.553,0.443,7.769,54.181,64.3,Rotational / contributor projection,Day 2 projected draft slot; meaningful elite ceiling; PFF-powered model projection
Chris Bell,2026.0,WR,WR,WR,Louisville,94.0,3.0,,92,16,59.0,61.8,55.3,0.543,0.545,0.447,7.666,54.169,64.2,Rotational / contributor projection,Day 2 projected draft slot; meaningful elite ceiling; PFF-powered model projection
Zachariah Branch,2026.0,WR,WR,WR,Georgia,79.0,3.0,,93,17,58.7,61.3,55.8,0.554,0.541,0.442,7.678,54.048,63.7,Rotational / contributor projection,Day 2 projected draft slot; meaningful elite ceiling; PFF-powered model projection
Jayden Williams,2026.0,OL,OL,OL,Mississippi,217.0,7.0,,93,6,58.7,60.0,65.2,0.664,0.61,0.348,9.098,60.189,59.6,Rotational / contributor projection,later projected draft slot; meaningful elite ceiling; PFF-powered model projection
Gavin Gerhardt,2026.0,OL,OL,OL,Cincinnati,235.0,7.0,,93,6,58.7,59.9,65.0,0.663,0.608,0.35,9.106,60.111,59.6,Rotational / contributor projection,later projected draft slot; meaningful elite ceiling; PFF-powered model projection
Evan Beerntsen,2026.0,OL,OL,OL,Northwestern,253.0,7.0,,96,8,58.6,59.9,65.0,0.659,0.609,0.35,9.104,60.134,59.6,Rotational / contributor projection,later projected draft slot; meaningful elite ceiling; PFF-powered model projection
Keyron Crawford,2026.0,DE,EDGE,EDGE,Auburn,67.0,3.0,,97,11,58.4,60.8,57.2,0.567,0.551,0.428,11.047,54.625,62.7,Rotational / contributor projection,Day 2 projected draft slot; meaningful elite ceiling; PFF-powered model projection
Drew Allar,2026.0,QB,QB,QB,Penn St.,76.0,3.0,,98,3,58.1,60.7,54.5,0.532,0.521,0.455,8.918,52.733,63.6,Rotational / contributor projection,Day 2 projected draft slot; meaningful elite ceiling; PFF-powered model projection
Jakobe Thomas,2026.0,S,S,DB,Miami (FL),98.0,3.0,,98,6,58.1,61.1,55.3,0.522,0.537,0.447,9.116,52.987,63.6,Rotational / contributor projection,Day 2 projected draft slot; meaningful elite ceiling; PFF-powered model projection
Gennings Dunker,2026.0,OT,OT,OT,Iowa,96.0,3.0,,100,11,57.9,60.1,54.1,0.535,0.501,0.459,12.927,53.223,63.4,Depth / developmental projection,Day 2 projected draft slot; meaningful elite ceiling; PFF-powered model projection
Will Kacmarek,2026.0,TE,TE,TE,Ohio St.,87.0,3.0,,101,9,57.8,60.0,53.4,0.53,0.494,0.466,4.14,52.045,63.6,Depth / developmental projection,Day 2 projected draft slot; meaningful elite ceiling; PFF-powered model projection
Carson Beck,2026.0,QB,QB,QB,Miami (FL),65.0,3.0,,102,4,57.3,59.8,54.9,0.527,0.509,0.451,8.85,52.588,62.7,Depth / developmental projection,Day 2 projected draft slot; meaningful elite ceiling; PFF-powered model projection
Jaishawn Barham,2026.0,DE,EDGE,EDGE,Michigan,92.0,3.0,,103,12,57.0,59.6,55.8,0.559,0.552,0.442,10.825,54.205,61.0,Depth / developmental projection,Day 2 projected draft slot; meaningful elite ceiling; PFF-powered model projection
Julian Neal,2026.0,CB,CB,DB,Arkansas,99.0,3.0,,104,11,56.8,59.0,57.5,0.521,0.508,0.425,9.069,52.535,61.8,Depth / developmental projection,Day 2 projected draft slot; meaningful elite ceiling; PFF-powered model projection
Matthew Hibner,2026.0,TE,TE,TE,SMU,133.0,4.0,,105,10,56.6,59.0,53.1,0.511,0.484,0.469,4.052,51.451,62.5,Depth / developmental projection,later projected draft slot; meaningful elite ceiling; PFF-powered model projection
Jalen Farmer,2026.0,G,IOL,IOL,Kentucky,113.0,4.0,,106,7,56.3,59.2,53.7,0.508,0.516,0.463,14.095,51.63,61.7,Depth / developmental projection,later projected draft slot; meaningful elite ceiling; PFF-powered model projection
Jalen Huskey,2026.0,S,S,DB,Maryland,100.0,3.0,,107,7,55.2,58.0,54.6,0.515,0.525,0.454,8.836,52.08,59.9,Depth / developmental projection,Day 2 projected draft slot; meaningful elite ceiling; PFF-powered model projection
Parker Brailsford,2026.0,C,IOL,IOL,Alabama,146.0,5.0,,108,8,54.9,57.9,52.4,0.505,0.519,0.476,13.648,51.127,59.9,Depth / developmental projection,later projected draft slot; meaningful elite ceiling; PFF-powered model projection
Jermod McCoy,2026.0,CB,CB,DB,Tennessee,101.0,4.0,,109,12,54.8,57.5,53.2,0.522,0.52,0.468,8.863,51.76,59.3,Depth / developmental projection,later projected draft slot; meaningful elite ceiling; PFF-powered model projection
Trey Zuhn III,2026.0,OT,OT,OT,Texas A&M,91.0,3.0,,110,12,54.6,56.8,53.9,0.52,0.501,0.461,12.574,52.418,59.0,Depth / developmental projection,Day 2 projected draft slot; meaningful elite ceiling; PFF-powered model projection
Kaelon Black,2026.0,RB,RB,RB,Indiana,90.0,3.0,,111,3,54.3,56.3,54.5,0.519,0.481,0.455,6.473,51.371,59.0,Depth / developmental projection,Day 2 projected draft slot; meaningful elite ceiling; PFF-powered model projection
Jude Bowry,2026.0,OT,OT,OT,Boston Col.,102.0,4.0,,112,13,53.9,56.1,52.4,0.516,0.494,0.476,12.431,52.16,58.3,Depth / developmental projection,later projected draft slot; meaningful elite ceiling; PFF-powered model projection
Genesis Smith,2026.0,S,S,DB,Arizona,131.0,4.0,,113,8,53.6,56.2,53.5,0.512,0.512,0.465,8.604,51.432,57.9,Depth / developmental projection,later projected draft slot; meaningful elite ceiling; PFF-powered model projection
Gracen Halton,2026.0,DT,IDL,IDL,Oklahoma,107.0,4.0,,113,10,53.6,55.6,54.1,0.525,0.491,0.459,8.854,51.84,57.7,Depth / developmental projection,later projected draft slot; meaningful elite ceiling; PFF-powered model projection
Mike Washington Jr.,2026.0,RB,RB,RB,Arkansas,122.0,4.0,,113,4,53.6,55.6,54.5,0.508,0.477,0.455,6.292,51.098,58.2,Depth / developmental projection,later projected draft slot; meaningful elite ceiling; PFF-powered model projection
Romello Height,2026.0,DE,EDGE,EDGE,Texas Tech,70.0,3.0,,116,13,53.4,55.4,55.1,0.557,0.519,0.449,10.15,52.757,56.5,Depth / developmental projection,Day 2 projected draft slot; meaningful elite ceiling; PFF-powered model projection
Darrell Jackson Jr.,2026.0,DT,IDL,IDL,Florida St.,103.0,4.0,,116,11,53.4,55.4,53.9,0.52,0.491,0.461,8.913,51.693,57.5,Depth / developmental projection,later projected draft slot; meaningful elite ceiling; PFF-powered model projection
Dani Dennis-Sutton,2026.0,DE,EDGE,EDGE,Penn St.,120.0,4.0,,118,14,53.0,55.7,52.1,0.541,0.542,0.479,10.024,52.64,56.2,Depth / developmental projection,later projected draft slot; meaningful elite ceiling; PFF-powered model projection
Drew Shelton,2026.0,OT,OT,OT,Penn St.,112.0,4.0,,119,14,52.7,54.8,52.3,0.515,0.49,0.477,12.423,51.721,56.7,Depth / developmental projection,later projected draft slot; meaningful elite ceiling; PFF-powered model projection
Jonah Coleman,2026.0,RB,RB,RB,Washington,108.0,4.0,,119,5,52.7,54.8,53.0,0.505,0.477,0.47,6.176,50.71,57.1,Depth / developmental projection,later projected draft slot; meaningful elite ceiling; PFF-powered model projection
Kaleb Proctor,2026.0,DT,IDL,IDL,Southeastern Louisiana,104.0,4.0,,121,12,52.5,54.9,52.2,0.521,0.505,0.478,8.602,51.396,56.4,Depth / developmental projection,later projected draft slot; meaningful elite ceiling; PFF-powered model projection
Jimmy Rolder,2026.0,LB,LB,LB,Michigan,118.0,4.0,,122,10,52.3,54.8,50.8,0.508,0.495,0.492,8.97,51.0,56.5,Depth / developmental projection,later projected draft slot; meaningful elite ceiling; PFF-powered model projection
Travis Burke,2026.0,OT,OT,OT,Memphis,117.0,4.0,,123,15,51.9,53.7,53.4,0.508,0.475,0.466,12.321,51.585,55.8,Depth / developmental projection,later projected draft slot; meaningful elite ceiling; PFF-powered model projection
Devin Moore,2026.0,CB,CB,DB,Florida,114.0,4.0,,124,13,51.5,54.4,52.6,0.507,0.521,0.474,8.394,50.632,55.2,Depth / developmental projection,later projected draft slot; meaningful elite ceiling; PFF-powered model projection
Wade Woodaz,2026.0,LB,LB,LB,Clemson,123.0,4.0,,125,11,50.9,53.4,50.4,0.504,0.497,0.496,8.673,50.584,54.6,Depth / developmental projection,later projected draft slot; meaningful elite ceiling; PFF-powered model projection
Connor Lew,2026.0,C,IOL,IOL,Auburn,128.0,4.0,,125,9,50.9,53.8,51.8,0.492,0.512,0.482,13.553,50.586,54.7,Depth / developmental projection,later projected draft slot; meaningful elite ceiling; PFF-powered model projection
Kage Casey,2026.0,OT,OT,OT,Boise St.,111.0,4.0,,127,16,50.6,52.7,51.3,0.507,0.483,0.487,12.027,50.994,54.1,Depth / developmental projection,later projected draft slot; meaningful elite ceiling; PFF-powered model projection
Malik Muhammad,2026.0,CB,CB,DB,Texas,124.0,4.0,,128,14,50.5,52.7,52.4,0.5,0.485,0.476,8.238,50.387,54.1,Depth / developmental projection,later projected draft slot; meaningful elite ceiling; PFF-powered model projection
Tanner Koziol,2026.0,TE,TE,TE,Houston,164.0,5.0,,129,11,50.1,51.7,50.5,0.493,0.441,0.495,3.733,49.741,54.3,Depth / developmental projection,later projected draft slot; meaningful elite ceiling; PFF-powered model projection
Wesley Williams,2026.0,DE,EDGE,EDGE,Duke,119.0,4.0,,130,15,49.9,52.6,51.8,0.525,0.534,0.482,9.551,51.688,52.4,Depth / developmental projection,later projected draft slot; meaningful elite ceiling; PFF-powered model projection
Kaleb Elarms-Orr,2026.0,LB,LB,LB,TCU,126.0,4.0,,131,12,49.5,51.7,50.9,0.495,0.478,0.491,8.697,50.257,53.0,Depth / developmental projection,later projected draft slot; meaningful elite ceiling; PFF-powered model projection
Kyle Louis,2026.0,LB,LB,LB,Pittsburgh,138.0,4.0,,132,13,49.3,51.1,50.6,0.497,0.459,0.494,8.709,50.193,52.8,Depth / developmental projection,later projected draft slot; meaningful elite ceiling; PFF-powered model projection
LT Overton,2026.0,DE,EDGE,EDGE,Alabama,137.0,4.0,,133,16,49.0,51.6,51.7,0.519,0.528,0.483,9.439,51.401,51.2,Depth / developmental projection,later projected draft slot; meaningful elite ceiling; PFF-powered model projection
Trey Moore,2026.0,LB,LB,LB,Texas,130.0,4.0,,134,14,48.3,50.5,50.4,0.494,0.481,0.496,8.615,49.921,51.3,Depth / developmental projection,later projected draft slot; meaningful elite ceiling; PFF-powered model projection
Elijah Sarratt,2026.0,WR,WR,WR,Indiana,115.0,4.0,,134,18,48.3,50.7,50.3,0.499,0.492,0.497,6.25,50.273,51.2,Depth / developmental projection,later projected draft slot; meaningful elite ceiling; PFF-powered model projection
Kendal Daniels,2026.0,LB,LB,LB,Oklahoma,134.0,4.0,,136,15,48.2,50.5,50.0,0.503,0.488,0.5,8.572,49.801,51.1,Depth / developmental projection,later projected draft slot; meaningful elite ceiling; PFF-powered model projection
Jalon Kilgore,2026.0,CB,CB,DB,South Carolina,167.0,5.0,,137,15,48.0,50.4,49.9,0.486,0.482,0.501,7.79,49.783,51.1,Depth / developmental projection,later projected draft slot; meaningful elite ceiling; PFF-powered model projection
Josh Cuevas,2026.0,TE,TE,TE,Alabama,173.0,5.0,,138,12,47.4,49.4,48.5,0.481,0.451,0.515,3.525,48.899,50.8,Depth / developmental projection,later projected draft slot; meaningful elite ceiling; PFF-powered model projection
Riley Nowakowski,2026.0,TE,TE,TE,Indiana,169.0,5.0,,139,13,46.3,48.3,48.5,0.474,0.446,0.515,3.408,48.414,49.5,Depth / developmental projection,later projected draft slot; meaningful elite ceiling; PFF-powered model projection
Brenen Thompson,2026.0,WR,WR,WR,Mississippi St.,105.0,4.0,,139,19,46.3,48.1,50.3,0.503,0.469,0.497,6.092,49.585,48.5,Depth / developmental projection,later projected draft slot; meaningful elite ceiling; PFF-powered model projection
Skyler Bell,2026.0,WR,WR,WR,Connecticut,125.0,4.0,,141,20,45.9,47.7,50.7,0.494,0.461,0.493,6.044,49.446,48.2,Depth / developmental projection,later projected draft slot; meaningful elite ceiling; PFF-powered model projection
Kamari Ramsey,2026.0,S,S,DB,USC,141.0,5.0,,142,9,45.7,48.4,49.2,0.486,0.498,0.508,7.538,49.164,47.9,Depth / developmental projection,later projected draft slot; meaningful elite ceiling; PFF-powered model projection
Will Lee III,2026.0,CB,CB,DB,Texas A&M,129.0,4.0,,143,16,45.6,47.3,52.7,0.479,0.455,0.473,7.674,49.161,47.9,Depth / developmental projection,later projected draft slot; meaningful elite ceiling; PFF-powered model projection
Zane Durant,2026.0,DT,IDL,IDL,Penn St.,181.0,5.0,,144,13,45.4,46.9,51.0,0.498,0.454,0.49,8.009,49.514,47.4,Depth / developmental projection,later projected draft slot; meaningful elite ceiling; PFF-powered model projection
Cade Klubnik,2026.0,QB,QB,QB,Clemson,110.0,4.0,,145,5,45.3,47.3,50.2,0.481,0.47,0.498,7.471,49.411,47.4,Depth / developmental projection,later projected draft slot; meaningful elite ceiling; PFF-powered model projection
Emmett Johnson,2026.0,RB,RB,RB,Nebraska,161.0,5.0,,145,6,45.3,46.8,50.2,0.472,0.428,0.498,5.434,48.35,48.1,Depth / developmental projection,later projected draft slot; meaningful elite ceiling; PFF-powered model projection
Jadon Canady,2026.0,CB,CB,DB,Oregon,109.0,4.0,,147,17,45.2,47.4,50.7,0.482,0.475,0.493,7.622,49.039,47.3,Depth / developmental projection,later projected draft slot; meaningful elite ceiling; PFF-powered model projection
Keionte Scott,2026.0,CB,CB,DB,Miami (FL),116.0,4.0,,148,18,45.1,47.1,50.8,0.479,0.467,0.492,7.644,48.989,47.2,Depth / developmental projection,later projected draft slot; meaningful elite ceiling; PFF-powered model projection
Ryan Eckley,2026.0,P,ST,ST,Michigan St.,211.0,6.0,,149,1,44.8,47.3,50.5,0.53,0.544,0.495,7.553,51.849,44.9,Depth / developmental projection,later projected draft slot; meaningful elite ceiling; PFF-powered model projection
Tommy Doman,2026.0,P,ST,ST,Florida,239.0,7.0,,150,2,44.7,46.9,50.8,0.532,0.529,0.492,7.549,51.863,44.9,Depth / developmental projection,later projected draft slot; meaningful elite ceiling; PFF-powered model projection
Bauer Sharp,2026.0,TE,TE,TE,LSU,185.0,6.0,,151,14,44.6,46.3,48.5,0.469,0.436,0.515,3.381,48.14,47.2,Depth / developmental projection,later projected draft slot; meaningful elite ceiling; PFF-powered model projection
Nick Barrett,2026.0,DT,IDL,IDL,South Carolina,145.0,5.0,,152,14,44.5,46.0,49.9,0.507,0.459,0.501,8.06,49.366,46.0,Depth / developmental projection,later projected draft slot; meaningful elite ceiling; PFF-powered model projection
Bryce Lance,2026.0,WR,WR,WR,North Dakota St.,136.0,4.0,,153,21,44.4,46.5,48.5,0.478,0.461,0.515,5.751,48.711,46.6,Depth / developmental projection,later projected draft slot; meaningful elite ceiling; PFF-powered model projection
DeMonte Capehart,2026.0,DT,IDL,IDL,Clemson,155.0,5.0,,154,15,44.3,45.2,52.2,0.491,0.428,0.478,8.262,49.313,46.0,Depth / developmental projection,later projected draft slot; meaningful elite ceiling; PFF-powered model projection
Kaden Wetjen,2026.0,WR,WR,WR,Iowa,121.0,4.0,,155,22,44.1,46.2,48.3,0.481,0.464,0.517,5.664,48.546,46.1,Depth / developmental projection,later projected draft slot; meaningful elite ceiling; PFF-powered model projection
Adam Randall,2026.0,RB,RB,RB,Clemson,174.0,5.0,,155,7,44.1,45.6,50.7,0.464,0.428,0.493,5.372,48.007,46.6,Depth / developmental projection,later projected draft slot; meaningful elite ceiling; PFF-powered model projection
Colbie Young,2026.0,WR,WR,WR,Georgia,140.0,4.0,,155,22,44.1,46.1,48.1,0.479,0.462,0.519,5.667,48.53,46.1,Depth / developmental projection,later projected draft slot; meaningful elite ceiling; PFF-powered model projection
Jaden Dugger,2026.0,OLB,LB,LB,Louisiana,154.0,5.0,,158,16,43.6,45.8,47.5,0.474,0.462,0.525,7.877,48.018,45.7,Depth / developmental projection,later projected draft slot; meaningful elite ceiling; PFF-powered model projection
Ephesians Prysock,2026.0,CB,CB,DB,Washington,139.0,4.0,,158,19,43.6,45.8,50.4,0.472,0.473,0.496,7.426,48.53,45.3,Depth / developmental projection,later projected draft slot; meaningful elite ceiling; PFF-powered model projection
Nicholas Singleton,2026.0,RB,RB,RB,Penn St.,165.0,5.0,,160,8,42.6,44.3,48.8,0.468,0.435,0.512,5.296,47.514,44.6,Depth / developmental projection,later projected draft slot; meaningful elite ceiling; PFF-powered model projection
Billy Schrauth,2026.0,G,IOL,IOL,Notre Dame,160.0,5.0,,161,10,42.5,45.0,49.3,0.479,0.496,0.507,12.533,48.97,43.5,Depth / developmental projection,later projected draft slot; meaningful elite ceiling; PFF-powered model projection
Justin Joly,2026.0,TE,TE,TE,North Carolina St.,152.0,5.0,,161,15,42.5,44.3,46.1,0.473,0.437,0.539,3.401,47.699,44.5,Depth / developmental projection,later projected draft slot; meaningful elite ceiling; PFF-powered model projection
Bryce Boettcher,2026.0,LB,LB,LB,Oregon,135.0,4.0,,163,17,42.4,44.3,48.1,0.474,0.448,0.519,7.806,47.686,44.1,Depth / developmental projection,later projected draft slot; meaningful elite ceiling; PFF-powered model projection
Keyshaun Elliott,2026.0,LB,LB,LB,Arizona St.,166.0,5.0,,164,18,42.2,43.9,47.4,0.468,0.433,0.526,7.82,47.65,44.1,Depth / developmental projection,later projected draft slot; meaningful elite ceiling; PFF-powered model projection
Keith Abney II,2026.0,CB,CB,DB,Arizona St.,157.0,5.0,,165,20,42.1,44.8,47.8,0.473,0.496,0.522,7.265,48.134,43.2,Depth / developmental projection,later projected draft slot; meaningful elite ceiling; PFF-powered model projection
Joe Royer,2026.0,TE,TE,TE,Cincinnati,170.0,5.0,,166,16,41.5,42.9,46.9,0.465,0.42,0.531,3.295,47.552,43.2,Depth / developmental projection,later projected draft slot; meaningful elite ceiling; PFF-powered model projection
Reggie Virgil,2026.0,WR,WR,WR,Texas Tech,143.0,5.0,,166,24,41.5,43.4,46.3,0.47,0.446,0.537,5.319,47.455,43.0,Depth / developmental projection,later projected draft slot; meaningful elite ceiling; PFF-powered model projection
Taylen Green,2026.0,QB,QB,QB,Arkansas,182.0,6.0,,168,6,41.1,42.3,48.7,0.459,0.419,0.513,7.046,48.226,42.5,Depth / developmental projection,later projected draft slot; meaningful elite ceiling; PFF-powered model projection
Jager Burton,2026.0,C,IOL,IOL,Kentucky,153.0,5.0,,169,11,40.6,42.8,49.4,0.48,0.487,0.506,12.424,48.799,40.8,Depth / developmental projection,later projected draft slot; meaningful elite ceiling; PFF-powered model projection
Lorenzo Styles Jr.,2026.0,S,S,DB,Ohio St.,172.0,5.0,,170,10,40.3,42.9,47.4,0.475,0.489,0.526,7.157,47.666,40.9,Depth / developmental projection,later projected draft slot; meaningful elite ceiling; PFF-powered model projection
Karon Prunty,2026.0,DB,CB,DB,Wake Forest,171.0,5.0,,171,21,40.0,42.5,47.3,0.475,0.489,0.527,7.116,47.56,40.4,Depth / developmental projection,later projected draft slot; meaningful elite ceiling; PFF-powered model projection
Max Bredeson,2026.0,TE,TE,TE,Michigan,159.0,5.0,,172,17,39.8,41.3,45.5,0.465,0.425,0.545,3.288,47.217,40.9,Low-probability projection,later projected draft slot; meaningful elite ceiling; PFF-powered model projection
Demond Claiborne,2026.0,RB,RB,RB,Wake Forest,198.0,6.0,,173,9,39.7,41.0,48.1,0.458,0.413,0.519,4.924,46.697,40.9,Low-probability projection,later projected draft slot; meaningful elite ceiling; PFF-powered model projection
Sam Hecht,2026.0,C,IOL,IOL,Kansas St.,144.0,5.0,,174,12,39.6,41.9,49.3,0.475,0.49,0.507,12.464,48.738,39.5,Low-probability projection,later projected draft slot; meaningful elite ceiling; PFF-powered model projection
Chandler Rivers,2026.0,CB,CB,DB,Duke,162.0,5.0,,174,22,39.6,41.6,48.6,0.466,0.457,0.514,7.147,47.469,40.2,Low-probability projection,later projected draft slot; meaningful elite ceiling; PFF-powered model projection
Jaren Kanak,2026.0,TE,TE,TE,Oklahoma,225.0,7.0,,176,18,39.4,40.9,46.8,0.455,0.424,0.532,3.248,47.137,40.4,Low-probability projection,later projected draft slot; meaningful elite ceiling; PFF-powered model projection
George Gumbs Jr.,2026.0,DE,EDGE,EDGE,Florida,156.0,5.0,,177,17,38.5,40.5,47.0,0.491,0.476,0.53,8.184,48.179,38.1,Low-probability projection,later projected draft slot; meaningful elite ceiling; PFF-powered model projection
Jack Endries,2026.0,TE,TE,TE,Texas,221.0,7.0,,178,19,38.4,39.7,46.4,0.451,0.41,0.536,3.206,46.636,39.3,Low-probability projection,later projected draft slot; meaningful elite ceiling; PFF-powered model projection
Seydou Traore,2026.0,TE,TE,TE,Mississippi St.,180.0,5.0,,178,19,38.4,39.9,44.7,0.459,0.416,0.553,3.171,46.659,39.3,Low-probability projection,later projected draft slot; meaningful elite ceiling; elevated bust risk; PFF-powered model projection
Joshua Josephs,2026.0,DE,EDGE,EDGE,Tennessee,147.0,5.0,,180,18,38.3,40.6,46.6,0.487,0.491,0.534,8.045,48.022,37.8,Low-probability projection,later projected draft slot; meaningful elite ceiling; PFF-powered model projection
Jeremiah Wright,2026.0,G,IOL,IOL,Auburn,132.0,4.0,,180,13,38.3,40.0,49.5,0.483,0.473,0.505,12.38,48.499,37.6,Low-probability projection,later projected draft slot; meaningful elite ceiling; PFF-powered model projection
Fernando Carmona,2026.0,G,IOL,IOL,Arkansas,142.0,5.0,,180,13,38.3,40.3,49.1,0.48,0.484,0.509,12.446,48.5,37.6,Low-probability projection,later projected draft slot; meaningful elite ceiling; PFF-powered model projection
Zakee Wheatley,2026.0,S,S,DB,Penn St.,151.0,5.0,,180,11,38.3,40.2,47.9,0.454,0.45,0.521,6.843,47.197,38.6,Low-probability projection,later projected draft slot; meaningful elite ceiling; PFF-powered model projection
Micah Morris,2026.0,G,IOL,IOL,Georgia,207.0,6.0,,184,15,37.7,39.7,48.4,0.48,0.48,0.516,12.014,48.438,36.9,Low-probability projection,later projected draft slot; meaningful elite ceiling; PFF-powered model projection
Kevin Coleman Jr.,2026.0,WR,WR,WR,Missouri,177.0,5.0,,185,25,37.5,39.1,44.7,0.455,0.419,0.553,4.952,46.166,38.2,Low-probability projection,later projected draft slot; meaningful elite ceiling; elevated bust risk; PFF-powered model projection
Dalton Johnson,2026.0,S,S,DB,Arizona,150.0,5.0,,186,12,37.4,39.6,47.2,0.456,0.465,0.528,6.811,47.05,37.3,Low-probability projection,later projected draft slot; meaningful elite ceiling; PFF-powered model projection
Beau Stephens,2026.0,G,IOL,IOL,Iowa,148.0,5.0,,187,16,37.2,39.0,48.8,0.476,0.472,0.512,12.284,48.324,36.2,Low-probability projection,later projected draft slot; meaningful elite ceiling; PFF-powered model projection
Kendrick Law,2026.0,WR,WR,WR,Kentucky,168.0,5.0,,188,26,37.0,38.9,44.2,0.447,0.43,0.558,4.884,45.898,37.6,Low-probability projection,later projected draft slot; meaningful elite ceiling; elevated bust risk; PFF-powered model projection
Bobby Jamison-Travis,2026.0,DL,IDL,IDL,Auburn,186.0,6.0,,189,16,36.6,37.8,47.6,0.474,0.433,0.524,7.383,47.387,36.0,Low-probability projection,later projected draft slot; meaningful elite ceiling; PFF-powered model projection
Hezekiah Masses,2026.0,CB,CB,DB,California,175.0,5.0,,190,23,36.5,38.6,46.7,0.464,0.464,0.533,6.853,46.856,36.0,Low-probability projection,later projected draft slot; meaningful elite ceiling; PFF-powered model projection
Jack Kelly,2026.0,LB,LB,LB,BYU,193.0,6.0,,190,19,36.5,37.7,46.0,0.441,0.4,0.54,7.342,46.151,36.9,Low-probability projection,later projected draft slot; meaningful elite ceiling; PFF-powered model projection
Anez Cooper,2026.0,G,IOL,IOL,Miami (FL),188.0,6.0,,192,17,36.1,37.9,47.9,0.475,0.47,0.521,12.028,48.078,34.9,Low-probability projection,later projected draft slot; meaningful elite ceiling; PFF-powered model projection
Charles Demmings,2026.0,CB,CB,DB,Stephen F. Austin,163.0,5.0,,192,24,36.1,38.2,46.7,0.455,0.462,0.533,6.777,46.762,35.5,Low-probability projection,later projected draft slot; meaningful elite ceiling; PFF-powered model projection
Cole Payton,2026.0,QB,QB,QB,North Dakota St.,178.0,5.0,,194,7,35.5,37.1,46.4,0.449,0.433,0.536,6.544,46.388,35.1,Low-probability projection,later projected draft slot; meaningful elite ceiling; PFF-powered model projection
Cyrus Allen,2026.0,WR,WR,WR,Cincinnati,176.0,5.0,,194,27,35.5,37.4,43.6,0.439,0.421,0.564,4.716,45.255,35.8,Low-probability projection,later projected draft slot; meaningful elite ceiling; elevated bust risk; PFF-powered model projection
Jackie Marshall,2026.0,DE,EDGE,EDGE,Baylor,184.0,6.0,,196,19,35.4,36.6,47.9,0.455,0.427,0.521,7.8,46.995,34.6,Low-probability projection,later projected draft slot; meaningful elite ceiling; PFF-powered model projection
Trey Smack,2026.0,K,ST,ST,Florida,216.0,6.0,,197,3,35.2,37.2,50.0,0.524,0.539,0.5,7.349,51.055,31.6,Low-probability projection,later projected draft slot; meaningful elite ceiling; PFF-powered model projection
Logan Taylor,2026.0,G,IOL,IOL,Boston Col.,202.0,6.0,,198,18,34.5,36.2,47.6,0.48,0.47,0.524,11.961,47.811,32.6,Low-probability projection,later projected draft slot; meaningful elite ceiling; PFF-powered model projection
Michael Taaffe,2026.0,S,S,DB,Texas,158.0,5.0,,199,13,34.4,36.2,46.7,0.454,0.449,0.533,6.698,46.408,33.3,Low-probability projection,later projected draft slot; meaningful elite ceiling; PFF-powered model projection
Namdi Obiazor,2026.0,LB,LB,LB,TCU,212.0,6.0,,200,20,34.3,35.3,45.0,0.438,0.391,0.55,7.228,45.623,34.1,Low-probability projection,later projected draft slot; meaningful elite ceiling; PFF-powered model projection
Brian Parker II,2026.0,OT,OT,OT,Duke,189.0,6.0,,201,17,33.4,34.7,45.9,0.458,0.43,0.541,10.136,46.733,31.9,Low-probability projection,later projected draft slot; meaningful elite ceiling; PFF-powered model projection
Gabriel Rubio,2026.0,DL,IDL,IDL,Notre Dame,210.0,6.0,,202,17,33.3,34.3,46.5,0.465,0.422,0.535,7.068,46.622,31.7,Low-probability projection,later projected draft slot; meaningful elite ceiling; PFF-powered model projection
DJ Campbell,2026.0,G,IOL,IOL,Texas,200.0,6.0,,203,19,33.2,35.1,47.7,0.47,0.475,0.523,11.868,47.679,30.9,Low-probability projection,later projected draft slot; meaningful elite ceiling; PFF-powered model projection
J.C. Davis,2026.0,OT,OT,OT,Illinois,192.0,6.0,,204,18,33.1,34.4,45.9,0.458,0.429,0.541,10.119,46.683,31.5,Low-probability projection,later projected draft slot; meaningful elite ceiling; PFF-powered model projection
Dallen Bentley,2026.0,TE,TE,TE,Utah,256.0,7.0,,205,21,32.6,33.7,44.2,0.439,0.397,0.558,3.0,45.542,31.7,Low-probability projection,later projected draft slot; meaningful elite ceiling; elevated bust risk; PFF-powered model projection
Kaytron Allen,2026.0,RB,RB,RB,Penn St.,187.0,6.0,,205,10,32.6,33.9,44.5,0.439,0.4,0.555,4.515,44.937,31.8,Low-probability projection,later projected draft slot; meaningful elite ceiling; elevated bust risk; PFF-powered model projection
Josh Cameron,2026.0,WR,WR,WR,Baylor,191.0,6.0,,207,28,32.5,34.3,42.2,0.422,0.411,0.578,4.545,44.445,32.1,Low-probability projection,later projected draft slot; meaningful elite ceiling; elevated bust risk; PFF-powered model projection
Barion Brown,2026.0,WR,WR,WR,LSU,190.0,6.0,,207,28,32.5,34.1,42.4,0.428,0.403,0.576,4.536,44.374,32.1,Low-probability projection,later projected draft slot; meaningful elite ceiling; elevated bust risk; PFF-powered model projection
CJ Daniels,2026.0,WR,WR,WR,Miami (FL),197.0,6.0,,209,30,32.2,34.0,42.0,0.419,0.407,0.58,4.535,44.246,31.7,Low-probability projection,later projected draft slot; meaningful elite ceiling; elevated bust risk; PFF-powered model projection
Robert Spears-Jennings,2026.0,S,S,DB,Oklahoma,224.0,7.0,,210,14,32.1,33.7,44.6,0.458,0.439,0.554,6.64,46.018,30.3,Low-probability projection,later projected draft slot; meaningful elite ceiling; elevated bust risk; PFF-powered model projection
CJ Williams,2026.0,WR,WR,WR,Stanford,203.0,6.0,,210,31,32.1,33.9,41.7,0.419,0.409,0.583,4.465,44.235,31.6,Low-probability projection,later projected draft slot; meaningful elite ceiling; elevated bust risk; PFF-powered model projection
Harold Perkins Jr.,2026.0,LB,LB,LB,LSU,215.0,6.0,,212,21,32.0,33.3,44.1,0.434,0.404,0.559,7.069,45.043,31.0,Low-probability projection,later projected draft slot; meaningful elite ceiling; elevated bust risk; PFF-powered model projection
Anterio Thompson,2026.0,DT,IDL,IDL,Washington,208.0,6.0,,213,18,31.7,32.6,46.1,0.462,0.413,0.539,6.953,46.219,29.7,Low-probability projection,later projected draft slot; meaningful elite ceiling; PFF-powered model projection
Malik Benson,2026.0,WR,WR,WR,Oregon,195.0,6.0,,214,32,31.4,33.2,41.8,0.421,0.41,0.582,4.486,44.095,30.6,Low-probability projection,later projected draft slot; meaningful elite ceiling; elevated bust risk; PFF-powered model projection
Jordan van den Berg,2026.0,DL,IDL,IDL,Georgia Tech,213.0,6.0,,214,19,31.4,32.3,45.9,0.464,0.412,0.541,6.945,46.119,29.3,Low-probability projection,later projected draft slot; meaningful elite ceiling; PFF-powered model projection
Deven Eastern,2026.0,DT,IDL,IDL,Minnesota,242.0,7.0,,216,20,31.2,32.1,46.4,0.457,0.414,0.536,6.865,45.973,29.0,Low-probability projection,later projected draft slot; meaningful elite ceiling; PFF-powered model projection
Dametrious Crownover,2026.0,OT,OT,OT,Texas A&M,196.0,6.0,,217,19,31.0,31.8,47.0,0.446,0.406,0.53,9.991,46.309,28.9,Low-probability projection,later projected draft slot; meaningful elite ceiling; PFF-powered model projection
VJ Payne,2026.0,S,S,DB,Kansas St.,228.0,7.0,,218,15,30.8,32.6,44.7,0.45,0.445,0.553,6.499,45.8,28.6,Low-probability projection,later projected draft slot; meaningful elite ceiling; elevated bust risk; PFF-powered model projection
Pat Coogan,2026.0,C,IOL,IOL,Indiana,194.0,6.0,,219,20,30.6,32.4,47.1,0.465,0.475,0.529,11.682,47.355,27.3,Low-probability projection,later projected draft slot; meaningful elite ceiling; PFF-powered model projection
Brandon Cleveland,2026.0,DT,IDL,IDL,North Carolina St.,229.0,7.0,,220,21,30.5,31.6,44.9,0.463,0.425,0.551,6.812,45.739,28.0,Low-probability projection,later projected draft slot; meaningful elite ceiling; elevated bust risk; PFF-powered model projection
Skyler Gill-Howard,2026.0,DT,IDL,IDL,Texas Tech,205.0,6.0,,221,22,30.3,30.9,45.7,0.462,0.399,0.543,6.826,45.727,27.9,Low-probability projection,later projected draft slot; meaningful elite ceiling; PFF-powered model projection
Tim Keenan III,2026.0,DT,IDL,IDL,Alabama,232.0,7.0,,222,23,30.1,31.1,45.5,0.461,0.414,0.545,6.842,45.667,27.6,Low-probability projection,later projected draft slot; meaningful elite ceiling; PFF-powered model projection
Emmanuel Henderson Jr.,2026.0,WR,WR,WR,Kansas,199.0,6.0,,223,33,30.0,31.7,41.6,0.419,0.407,0.584,4.43,43.897,28.7,Low-probability projection,later projected draft slot; meaningful elite ceiling; elevated bust risk; PFF-powered model projection
Karson Sharar,2026.0,LB,LB,LB,Iowa,183.0,6.0,,224,22,29.9,31.0,43.9,0.433,0.398,0.561,6.844,44.605,28.1,Low-probability projection,later projected draft slot; meaningful elite ceiling; elevated bust risk; PFF-powered model projection
Cole Wisniewski,2026.0,S,S,DB,Texas Tech,244.0,7.0,,224,16,29.9,31.8,43.9,0.452,0.456,0.561,6.456,45.679,27.2,Low-probability projection,later projected draft slot; meaningful elite ceiling; elevated bust risk; PFF-powered model projection
Ethan Onianwa,2026.0,G,IOL,IOL,Ohio St.,231.0,7.0,,226,21,29.6,31.3,46.4,0.462,0.47,0.536,11.579,47.252,26.1,Low-probability projection,later projected draft slot; meaningful elite ceiling; PFF-powered model projection
Lewis Bond,2026.0,WR,WR,WR,Boston Col.,204.0,6.0,,227,34,29.5,31.2,41.3,0.415,0.407,0.587,4.375,43.777,28.1,Low-probability projection,later projected draft slot; meaningful elite ceiling; elevated bust risk; PFF-powered model projection
Seth McGowan,2026.0,RB,RB,RB,Kentucky,237.0,7.0,,228,11,29.4,29.8,43.4,0.43,0.36,0.566,4.351,44.272,27.8,Low-probability projection,later projected draft slot; meaningful elite ceiling; elevated bust risk; PFF-powered model projection
Andre Fuller,2026.0,CB,CB,DB,Toledo,236.0,7.0,,229,25,29.2,31.1,43.7,0.454,0.455,0.563,6.433,45.511,26.3,Low-probability projection,later projected draft slot; meaningful elite ceiling; elevated bust risk; PFF-powered model projection
Miles Scott,2026.0,S,S,DB,Illinois,246.0,7.0,,230,17,28.9,30.7,43.7,0.453,0.454,0.563,6.456,45.44,25.8,Low-probability projection,later projected draft slot; meaningful elite ceiling; elevated bust risk; PFF-powered model projection
Caden Curry,2026.0,DE,EDGE,EDGE,Ohio St.,214.0,6.0,,231,20,28.8,30.3,43.3,0.428,0.418,0.567,6.889,44.741,26.5,Low-probability projection,later projected draft slot; meaningful elite ceiling; elevated bust risk; PFF-powered model projection
Deion Burks,2026.0,WR,WR,WR,Oklahoma,254.0,7.0,,232,35,28.6,29.5,42.6,0.403,0.364,0.574,4.174,43.621,27.2,Low-probability projection,later projected draft slot; meaningful elite ceiling; elevated bust risk; PFF-powered model projection
Domani Jackson,2026.0,CB,CB,DB,Alabama,201.0,6.0,,233,26,28.5,30.0,44.7,0.436,0.432,0.553,6.362,45.38,25.6,Low-probability projection,later projected draft slot; meaningful elite ceiling; elevated bust risk; PFF-powered model projection
Eli Heidenreich,2026.0,FB,RB,RB,Navy,230.0,7.0,,234,12,28.4,29.0,42.4,0.435,0.363,0.576,4.287,44.035,26.5,Low-probability projection,later projected draft slot; meaningful elite ceiling; elevated bust risk; PFF-powered model projection
Toriano Pride Jr.,2026.0,CB,CB,DB,Missouri,220.0,7.0,,235,27,28.0,29.5,45.0,0.444,0.434,0.55,6.49,45.249,24.8,Low-probability projection,later projected draft slot; meaningful elite ceiling; PFF-powered model projection
TJ Hall,2026.0,CB,CB,DB,Iowa,219.0,7.0,,236,28,27.2,28.8,43.8,0.448,0.442,0.562,6.304,45.086,23.6,Low-probability projection,later projected draft slot; meaningful elite ceiling; elevated bust risk; PFF-powered model projection
Alex Harkey,2026.0,OT,OT,OT,Oregon,206.0,6.0,,237,20,27.1,27.8,44.7,0.44,0.399,0.553,9.506,45.394,23.8,Low-probability projection,later projected draft slot; meaningful elite ceiling; elevated bust risk; PFF-powered model projection
Jam Miller,2026.0,RB,RB,RB,Alabama,245.0,7.0,,238,13,26.5,27.4,41.7,0.43,0.38,0.583,4.264,43.642,23.8,Low-probability projection,later projected draft slot; meaningful elite ceiling; elevated bust risk; PFF-powered model projection
Anthony Smith,2026.0,WR,WR,WR,East Carolina,218.0,7.0,,239,36,25.8,27.2,40.2,0.402,0.386,0.598,4.118,42.935,23.4,Low-probability projection,later projected draft slot; meaningful elite ceiling; elevated bust risk; PFF-powered model projection
Jackson Kuwatch,2026.0,LB,LB,LB,Miami (OH),227.0,7.0,,239,23,25.8,26.6,43.0,0.423,0.38,0.57,6.584,43.882,22.8,Low-probability projection,later projected draft slot; meaningful elite ceiling; elevated bust risk; PFF-powered model projection
Landon Robinson,2026.0,NT,IDL,IDL,Navy,226.0,7.0,,241,24,24.9,25.7,43.1,0.452,0.405,0.569,6.37,44.439,20.8,Low-probability projection,later projected draft slot; meaningful elite ceiling; elevated bust risk; PFF-powered model projection
Michael Dansby,2026.0,DB,CB,DB,Arizona,255.0,7.0,,242,29,24.2,25.9,42.8,0.443,0.448,0.572,6.129,44.427,19.6,Low-probability projection,later projected draft slot; meaningful elite ceiling; elevated bust risk; PFF-powered model projection
Max Llewellyn,2026.0,DE,EDGE,EDGE,Iowa,238.0,7.0,,243,21,24.1,25.1,42.9,0.415,0.397,0.571,6.678,43.82,20.3,Low-probability projection,later projected draft slot; meaningful elite ceiling; elevated bust risk; PFF-powered model projection
Zach Durfee,2026.0,DE,EDGE,EDGE,Washington,233.0,7.0,,244,22,23.9,25.4,42.4,0.415,0.421,0.576,6.725,43.798,19.9,Low-probability projection,later projected draft slot; meaningful elite ceiling; elevated bust risk; PFF-powered model projection
Aiden Fisher,2026.0,LB,LB,LB,Indiana,243.0,7.0,,245,24,23.8,24.2,42.6,0.418,0.363,0.574,6.425,43.501,20.2,Low-probability projection,later projected draft slot; meaningful elite ceiling; elevated bust risk; PFF-powered model projection
Athan Kaliakmanis,2026.0,QB,QB,QB,Rutgers,223.0,7.0,,246,8,23.2,23.9,43.2,0.43,0.397,0.568,5.931,44.644,18.7,Low-probability projection,later projected draft slot; meaningful elite ceiling; elevated bust risk; PFF-powered model projection
Tyre West,2026.0,DT,IDL,IDL,Tennessee,222.0,7.0,,247,25,23.1,23.7,42.7,0.449,0.395,0.573,6.257,44.149,18.4,Low-probability projection,later projected draft slot; meaningful elite ceiling; elevated bust risk; PFF-powered model projection
Uar Bernard,2026.0,DT,IDL,IDL,,251.0,7.0,,247,25,23.1,23.7,42.9,0.449,0.396,0.571,6.307,44.15,18.4,Low-probability projection,later projected draft slot; meaningful elite ceiling; elevated bust risk; PFF-powered model projection
Parker Hughes,2026.0,LB,LB,LB,Middle Tenn. St.,240.0,7.0,,249,25,22.6,23.1,42.3,0.417,0.365,0.577,6.418,43.32,18.6,Low-probability projection,later projected draft slot; meaningful elite ceiling; elevated bust risk; PFF-powered model projection
Behren Morton,2026.0,QB,QB,QB,Texas Tech,234.0,7.0,,250,9,22.2,22.9,42.9,0.429,0.395,0.571,5.879,44.473,17.3,Low-probability projection,later projected draft slot; meaningful elite ceiling; elevated bust risk; PFF-powered model projection
Rayshaun Benny,2026.0,DT,IDL,IDL,Michigan,250.0,7.0,,251,27,22.1,22.3,42.8,0.443,0.374,0.572,6.203,43.782,17.3,Low-probability projection,later projected draft slot; meaningful elite ceiling; elevated bust risk; PFF-powered model projection
Red Murdock,2026.0,LB,LB,LB,Buffalo,257.0,7.0,,252,26,21.9,22.2,41.9,0.416,0.358,0.581,6.36,43.145,17.7,Low-probability projection,later projected draft slot; meaningful elite ceiling; elevated bust risk; PFF-powered model projection
Keyshawn James-Newby,2026.0,DE,EDGE,EDGE,New Mexico,252.0,7.0,,253,23,21.3,22.7,41.2,0.408,0.409,0.588,6.453,43.027,16.6,Low-probability projection,later projected draft slot; meaningful elite ceiling; elevated bust risk; PFF-powered model projection
Garrett Nussmeier,2026.0,QB,QB,QB,LSU,249.0,7.0,,254,10,21.1,21.6,43.0,0.425,0.382,0.57,5.769,44.238,16.0,Low-probability projection,later projected draft slot; meaningful elite ceiling; elevated bust risk; PFF-powered model projection
Carsen Ryan,2026.0,TE,TE,TE,BYU,248.0,7.0,,255,22,20.9,21.3,40.9,0.422,0.369,0.591,2.765,43.806,16.1,Low-probability projection,later projected draft slot; meaningful elite ceiling; elevated bust risk; PFF-powered model projection
Quintayvious Hutchins,2026.0,DE,EDGE,EDGE,Boston Col.,247.0,7.0,,256,24,20.5,21.6,40.8,0.405,0.392,0.592,6.28,42.599,15.8,Low-probability projection,later projected draft slot; meaningful elite ceiling; elevated bust risk; PFF-powered model projection
Ar'maj Reed-Adams,2026.0,G,IOL,IOL,Texas A&M,241.0,7.0,,257,22,17.7,18.8,45.3,0.45,0.467,0.547,11.039,46.064,9.5,Low-probability projection,later projected draft slot; meaningful elite ceiling; PFF-powered model projection
